system,trial,mean_ms,std_ms,n
table,1,5.0102,0.2013,20
table,2,5.3656,0.2657,20
table,3,4.4243,0.2170,20
table,4,2.9677,0.1338,20
table,5,2.8828,0.0946,20
table,6,2.8509,0.1010,20
table,7,2.8197,0.1095,20
table,8,2.8426,0.1073,20
table,9,2.8411,0.1070,20
table,10,2.8491,0.1386,20
pull-sequential,1,12.6422,0.3831,20
pull-sequential,2,11.3190,0.3681,20
pull-sequential,3,7.2142,0.3303,20
pull-sequential,4,2.9329,0.1804,20
pull-sequential,5,2.8441,0.0862,20
pull-sequential,6,2.8751,0.1612,20
pull-sequential,7,2.9076,0.1681,20
pull-sequential,8,2.9313,0.1364,20
pull-sequential,9,2.8832,0.1426,20
pull-sequential,10,2.8817,0.1519,20
pull-burst,1,8.2231,0.3001,20
pull-burst,2,7.2714,0.3355,20
pull-burst,3,5.0934,0.2258,20
pull-burst,4,2.6791,0.0846,20
pull-burst,5,2.7043,0.1663,20
pull-burst,6,2.6716,0.1081,20
pull-burst,7,2.6821,0.0860,20
pull-burst,8,2.6252,0.0807,20
pull-burst,9,2.6528,0.1055,20
pull-burst,10,2.6696,0.1237,20
