system,session,trial,latency_ms,status,interests,chunks,sources,expected_source,max_gap_ms,verified
pull-sequential,1,1,12.765,ok,4,4,h2;h2;h2;h2,h2,0.042,yes
pull-sequential,1,2,11.352,ok,4,4,s3;s3;s3;s3,s3,0.035,yes
pull-sequential,1,3,7.439,ok,4,4,s2;s2;s2;s2,s2,0.040,yes
pull-sequential,1,4,2.934,ok,4,4,s1;s1;s1;s1,s1,0.034,yes
pull-sequential,1,5,2.818,ok,4,4,s1;s1;s1;s1,s1,0.032,yes
pull-sequential,1,6,2.875,ok,4,4,s1;s1;s1;s1,s1,0.035,yes
pull-sequential,1,7,3.203,ok,4,4,s1;s1;s1;s1,s1,0.038,yes
pull-sequential,1,8,2.960,ok,4,4,s1;s1;s1;s1,s1,0.030,yes
pull-sequential,1,9,2.927,ok,4,4,s1;s1;s1;s1,s1,0.082,yes
pull-sequential,1,10,2.780,ok,4,4,s1;s1;s1;s1,s1,0.030,yes
pull-sequential,2,1,12.812,ok,4,4,h2;h2;h2;h2,h2,0.045,yes
pull-sequential,2,2,11.390,ok,4,4,s3;s3;s3;s3,s3,0.043,yes
pull-sequential,2,3,6.725,ok,4,4,s2;s2;s2;s2,s2,0.029,yes
pull-sequential,2,4,2.787,ok,4,4,s1;s1;s1;s1,s1,0.031,yes
pull-sequential,2,5,2.940,ok,4,4,s1;s1;s1;s1,s1,0.028,yes
pull-sequential,2,6,2.855,ok,4,4,s1;s1;s1;s1,s1,0.030,yes
pull-sequential,2,7,2.946,ok,4,4,s1;s1;s1;s1,s1,0.036,yes
pull-sequential,2,8,2.851,ok,4,4,s1;s1;s1;s1,s1,0.034,yes
pull-sequential,2,9,2.628,ok,4,4,s1;s1;s1;s1,s1,0.030,yes
pull-sequential,2,10,2.824,ok,4,4,s1;s1;s1;s1,s1,0.034,yes
pull-sequential,3,1,12.487,ok,4,4,h2;h2;h2;h2,h2,0.041,yes
pull-sequential,3,2,11.666,ok,4,4,s3;s3;s3;s3,s3,0.040,yes
pull-sequential,3,3,7.050,ok,4,4,s2;s2;s2;s2,s2,0.035,yes
pull-sequential,3,4,3.092,ok,4,4,s1;s1;s1;s1,s1,0.039,yes
pull-sequential,3,5,3.085,ok,4,4,s1;s1;s1;s1,s1,0.032,yes
pull-sequential,3,6,2.890,ok,4,4,s1;s1;s1;s1,s1,0.029,yes
pull-sequential,3,7,2.808,ok,4,4,s1;s1;s1;s1,s1,0.030,yes
pull-sequential,3,8,2.735,ok,4,4,s1;s1;s1;s1,s1,0.031,yes
pull-sequential,3,9,2.807,ok,4,4,s1;s1;s1;s1,s1,0.031,yes
pull-sequential,3,10,2.738,ok,4,4,s1;s1;s1;s1,s1,0.030,yes
pull-sequential,4,1,12.522,ok,4,4,h2;h2;h2;h2,h2,0.045,yes
pull-sequential,4,2,12.156,ok,4,4,s3;s3;s3;s3,s3,0.031,yes
pull-sequential,4,3,6.928,ok,4,4,s2;s2;s2;s2,s2,0.028,yes
pull-sequential,4,4,2.941,ok,4,4,s1;s1;s1;s1,s1,0.049,yes
pull-sequential,4,5,2.923,ok,4,4,s1;s1;s1;s1,s1,0.054,yes
pull-sequential,4,6,3.092,ok,4,4,s1;s1;s1;s1,s1,0.033,yes
pull-sequential,4,7,2.748,ok,4,4,s1;s1;s1;s1,s1,0.029,yes
pull-sequential,4,8,2.800,ok,4,4,s1;s1;s1;s1,s1,0.029,yes
pull-sequential,4,9,2.767,ok,4,4,s1;s1;s1;s1,s1,0.032,yes
pull-sequential,4,10,2.791,ok,4,4,s1;s1;s1;s1,s1,0.030,yes
pull-sequential,5,1,12.817,ok,4,4,h2;h2;h2;h2,h2,0.052,yes
pull-sequential,5,2,11.175,ok,4,4,s3;s3;s3;s3,s3,0.028,yes
pull-sequential,5,3,7.756,ok,4,4,s2;s2;s2;s2,s2,0.030,yes
pull-sequential,5,4,2.824,ok,4,4,s1;s1;s1;s1,s1,0.040,yes
pull-sequential,5,5,2.830,ok,4,4,s1;s1;s1;s1,s1,0.035,yes
pull-sequential,5,6,2.831,ok,4,4,s1;s1;s1;s1,s1,0.035,yes
pull-sequential,5,7,2.805,ok,4,4,s1;s1;s1;s1,s1,0.035,yes
pull-sequential,5,8,2.864,ok,4,4,s1;s1;s1;s1,s1,0.038,yes
pull-sequential,5,9,2.900,ok,4,4,s1;s1;s1;s1,s1,0.035,yes
pull-sequential,5,10,2.804,ok,4,4,s1;s1;s1;s1,s1,0.044,yes
pull-sequential,6,1,12.318,ok,4,4,h2;h2;h2;h2,h2,0.056,yes
pull-sequential,6,2,11.724,ok,4,4,s3;s3;s3;s3,s3,0.035,yes
pull-sequential,6,3,7.113,ok,4,4,s2;s2;s2;s2,s2,0.031,yes
pull-sequential,6,4,2.763,ok,4,4,s1;s1;s1;s1,s1,0.031,yes
pull-sequential,6,5,2.892,ok,4,4,s1;s1;s1;s1,s1,0.028,yes
pull-sequential,6,6,3.150,ok,4,4,s1;s1;s1;s1,s1,0.044,yes
pull-sequential,6,7,3.313,ok,4,4,s1;s1;s1;s1,s1,0.045,yes
pull-sequential,6,8,2.742,ok,4,4,s1;s1;s1;s1,s1,0.032,yes
pull-sequential,6,9,2.837,ok,4,4,s1;s1;s1;s1,s1,0.031,yes
pull-sequential,6,10,2.739,ok,4,4,s1;s1;s1;s1,s1,0.031,yes
pull-sequential,7,1,12.684,ok,4,4,h2;h2;h2;h2,h2,0.047,yes
pull-sequential,7,2,11.452,ok,4,4,s3;s3;s3;s3,s3,0.032,yes
pull-sequential,7,3,7.460,ok,4,4,s2;s2;s2;s2,s2,0.038,yes
pull-sequential,7,4,2.756,ok,4,4,s1;s1;s1;s1,s1,0.031,yes
pull-sequential,7,5,2.737,ok,4,4,s1;s1;s1;s1,s1,0.030,yes
pull-sequential,7,6,2.785,ok,4,4,s1;s1;s1;s1,s1,0.034,yes
pull-sequential,7,7,2.795,ok,4,4,s1;s1;s1;s1,s1,0.032,yes
pull-sequential,7,8,2.973,ok,4,4,s1;s1;s1;s1,s1,0.066,yes
pull-sequential,7,9,2.907,ok,4,4,s1;s1;s1;s1,s1,0.033,yes
pull-sequential,7,10,2.742,ok,4,4,s1;s1;s1;s1,s1,0.049,yes
pull-sequential,8,1,12.374,ok,4,4,h2;h2;h2;h2,h2,0.041,yes
pull-sequential,8,2,11.546,ok,4,4,s3;s3;s3;s3,s3,0.048,yes
pull-sequential,8,3,6.897,ok,4,4,s2;s2;s2;s2,s2,0.031,yes
pull-sequential,8,4,2.873,ok,4,4,s1;s1;s1;s1,s1,0.031,yes
pull-sequential,8,5,2.842,ok,4,4,s1;s1;s1;s1,s1,0.030,yes
pull-sequential,8,6,2.805,ok,4,4,s1;s1;s1;s1,s1,0.041,yes
pull-sequential,8,7,2.731,ok,4,4,s1;s1;s1;s1,s1,0.028,yes
pull-sequential,8,8,2.866,ok,4,4,s1;s1;s1;s1,s1,0.030,yes
pull-sequential,8,9,2.888,ok,4,4,s1;s1;s1;s1,s1,0.030,yes
pull-sequential,8,10,2.831,ok,4,4,s1;s1;s1;s1,s1,0.031,yes
pull-sequential,9,1,12.166,ok,4,4,h2;h2;h2;h2,h2,0.054,yes
pull-sequential,9,2,10.988,ok,4,4,s3;s3;s3;s3,s3,0.034,yes
pull-sequential,9,3,7.407,ok,4,4,s2;s2;s2;s2,s2,0.036,yes
pull-sequential,9,4,2.805,ok,4,4,s1;s1;s1;s1,s1,0.037,yes
pull-sequential,9,5,2.823,ok,4,4,s1;s1;s1;s1,s1,0.035,yes
pull-sequential,9,6,2.799,ok,4,4,s1;s1;s1;s1,s1,0.040,yes
pull-sequential,9,7,2.789,ok,4,4,s1;s1;s1;s1,s1,0.035,yes
pull-sequential,9,8,2.931,ok,4,4,s1;s1;s1;s1,s1,0.036,yes
pull-sequential,9,9,2.926,ok,4,4,s1;s1;s1;s1,s1,0.033,yes
pull-sequential,9,10,3.228,ok,4,4,s1;s1;s1;s1,s1,0.041,yes
pull-sequential,10,1,12.496,ok,4,4,h2;h2;h2;h2,h2,0.049,yes
pull-sequential,10,2,12.044,ok,4,4,s3;s3;s3;s3,s3,0.036,yes
pull-sequential,10,3,7.303,ok,4,4,s2;s2;s2;s2,s2,0.034,yes
pull-sequential,10,4,3.013,ok,4,4,s1;s1;s1;s1,s1,0.033,yes
pull-sequential,10,5,3.408,ok,4,4,s1;s1;s1;s1,s1,0.037,yes
pull-sequential,10,6,2.667,ok,4,4,s1;s1;s1;s1,s1,0.028,yes
pull-sequential,10,7,2.887,ok,4,4,s1;s1;s1;s1,s1,0.030,yes
pull-sequential,10,8,3.001,ok,4,4,s1;s1;s1;s1,s1,0.031,yes
pull-sequential,10,9,2.780,ok,4,4,s1;s1;s1;s1,s1,0.031,yes
pull-sequential,10,10,2.803,ok,4,4,s1;s1;s1;s1,s1,0.029,yes
